antecedents,consequents,support,confidence,lift
"frozenset({'ROSES REGENCY TEACUP AND SAUCER ', 'REGENCY CAKESTAND 3 TIER'})",frozenset({'GREEN REGENCY TEACUP AND SAUCER'}),0.021405049396267837,0.7428571428571428,15.669878023568327
"frozenset({'GREEN REGENCY TEACUP AND SAUCER', 'REGENCY CAKESTAND 3 TIER'})",frozenset({'ROSES REGENCY TEACUP AND SAUCER '}),0.021405049396267837,0.8342245989304813,15.5295756756203
frozenset({'GREEN REGENCY TEACUP AND SAUCER'}),frozenset({'ROSES REGENCY TEACUP AND SAUCER '}),0.037115806805708015,0.7829232995658467,14.574572176847742
frozenset({'ROSES REGENCY TEACUP AND SAUCER '}),frozenset({'GREEN REGENCY TEACUP AND SAUCER'}),0.037115806805708015,0.6909323116219669,14.574572176847742
frozenset({'SPACEBOY LUNCH BOX '}),frozenset({'DOLLY GIRL LUNCH BOX'}),0.029088913282107574,0.6022727272727273,14.251180637544275
frozenset({'DOLLY GIRL LUNCH BOX'}),frozenset({'SPACEBOY LUNCH BOX '}),0.029088913282107574,0.6883116883116883,14.251180637544273
frozenset({'GARDENERS KNEELING PAD CUP OF TEA '}),frozenset({'GARDENERS KNEELING PAD KEEP CALM '}),0.03176454445664106,0.7291338582677166,14.058009415489732
frozenset({'GARDENERS KNEELING PAD KEEP CALM '}),frozenset({'GARDENERS KNEELING PAD CUP OF TEA '}),0.03176454445664106,0.6124338624338624,14.058009415489732
frozenset({'ALARM CLOCK BAKELIKE GREEN'}),frozenset({'ALARM CLOCK BAKELIKE RED '}),0.03636114160263447,0.6717363751584284,11.164457701606901
frozenset({'ALARM CLOCK BAKELIKE RED '}),frozenset({'ALARM CLOCK BAKELIKE GREEN'}),0.03636114160263447,0.6043329532497149,11.164457701606901
frozenset({'ALARM CLOCK BAKELIKE PINK'}),frozenset({'ALARM CLOCK BAKELIKE RED '}),0.02716794731064764,0.6460032626427407,10.736765742623247
frozenset({'ALARM CLOCK BAKELIKE PINK'}),frozenset({'ALARM CLOCK BAKELIKE GREEN'}),0.023531833150384193,0.5595432300163132,10.337011559845097
frozenset({'PAPER CHAIN KIT VINTAGE CHRISTMAS'}),"frozenset({""PAPER CHAIN KIT 50'S CHRISTMAS ""})",0.03094127332601537,0.6470588235294118,9.624009603841538
frozenset({'WOODEN FRAME ANTIQUE WHITE '}),frozenset({'WOODEN PICTURE FRAME WHITE FINISH'}),0.03210757409440176,0.5770653514180025,9.601945847338818
frozenset({'WOODEN PICTURE FRAME WHITE FINISH'}),frozenset({'WOODEN FRAME ANTIQUE WHITE '}),0.03210757409440176,0.5342465753424658,9.601945847338818
"frozenset({'LUNCH BAG RED RETROSPOT', 'LUNCH BAG  BLACK SKULL.'})",frozenset({'LUNCH BAG PINK POLKADOT'}),0.021130625686059275,0.5957446808510638,9.32714765637498
frozenset({'LUNCH BAG DOLLY GIRL DESIGN'}),frozenset({'LUNCH BAG SPACEBOY DESIGN '}),0.02442371020856202,0.5953177257525084,8.782744099765752
frozenset({'LUNCH BAG VINTAGE LEAF DESIGN'}),frozenset({'LUNCH BAG APPLE DESIGN'}),0.020856201975850714,0.509212730318258,8.57076761792024
"frozenset({'LUNCH BAG RED RETROSPOT', 'LUNCH BAG PINK POLKADOT'})",frozenset({'LUNCH BAG  BLACK SKULL.'}),0.021130625686059275,0.5889101338432122,8.15965219667173
frozenset({'HEART OF WICKER LARGE'}),frozenset({'HEART OF WICKER SMALL'}),0.027922612513721187,0.5081148564294632,7.706849268799017
"frozenset({'LUNCH BAG PINK POLKADOT', 'LUNCH BAG  BLACK SKULL.'})",frozenset({'LUNCH BAG RED RETROSPOT'}),0.021130625686059275,0.6637931034482758,7.5119940029985
frozenset({'60 TEATIME FAIRY CAKE CASES'}),frozenset({'PACK OF 72 RETROSPOT CAKE CASES'}),0.022639956092206367,0.502283105022831,7.114945130041579
frozenset({'PACK OF 60 PINK PAISLEY CAKE CASES'}),frozenset({'PACK OF 72 RETROSPOT CAKE CASES'}),0.02298298572996707,0.5007473841554559,7.093191323080589
frozenset({'LUNCH BAG PINK POLKADOT'}),frozenset({'LUNCH BAG RED RETROSPOT'}),0.035880900109769485,0.5617615467239527,6.357326323795291
frozenset({'LUNCH BAG WOODLAND'}),frozenset({'LUNCH BAG RED RETROSPOT'}),0.02970636663007684,0.5280487804878049,5.975806695955158
frozenset({'LUNCH BAG DOLLY GIRL DESIGN'}),frozenset({'LUNCH BAG RED RETROSPOT'}),0.021199231613611418,0.516722408026756,5.847628741768629
frozenset({'JUMBO BAG STRAWBERRY'}),frozenset({'JUMBO BAG RED RETROSPOT'}),0.028402854006586167,0.6330275229357798,5.766880733944954
frozenset({'JUMBO BAG PINK POLKADOT'}),frozenset({'JUMBO BAG RED RETROSPOT'}),0.037458836443468715,0.6268656716417911,5.710746268656717
frozenset({'LUNCH BAG SUKI DESIGN '}),frozenset({'LUNCH BAG RED RETROSPOT'}),0.030872667398463227,0.5005561735261401,5.664679181146753
frozenset({'JUMBO STORAGE BAG SUKI'}),frozenset({'JUMBO BAG RED RETROSPOT'}),0.029774972557628978,0.5607235142118863,5.108191214470284
frozenset({'JUMBO  BAG BAROQUE BLACK WHITE'}),frozenset({'JUMBO BAG RED RETROSPOT'}),0.024835345773874862,0.5577812018489985,5.081386748844376
frozenset({'JUMBO BAG PINK VINTAGE PAISLEY'}),frozenset({'JUMBO BAG RED RETROSPOT'}),0.022708562019758505,0.5498338870431894,5.008986710963455
frozenset({'RED HANGING HEART T-LIGHT HOLDER'}),frozenset({'WHITE HANGING HEART T-LIGHT HOLDER'}),0.03121569703622393,0.6701030927835052,4.95556706261409
"frozenset({'GREEN REGENCY TEACUP AND SAUCER', 'ROSES REGENCY TEACUP AND SAUCER '})",frozenset({'REGENCY CAKESTAND 3 TIER'}),0.021405049396267837,0.5767097966728281,4.936066938522104
frozenset({'GREEN REGENCY TEACUP AND SAUCER'}),frozenset({'REGENCY CAKESTAND 3 TIER'}),0.02565861690450055,0.5412445730824892,4.632519610834036
frozenset({'ROSES REGENCY TEACUP AND SAUCER '}),frozenset({'REGENCY CAKESTAND 3 TIER'}),0.028814489571899013,0.5363984674329503,4.591041727130173
frozenset({'JUMBO SHOPPER VINTAGE RED PAISLEY'}),frozenset({'JUMBO BAG RED RETROSPOT'}),0.02716794731064764,0.5012658227848101,4.56653164556962
